{"cameraMode":{"drawMode":0,"name":"Shaded","section":"Shading Mode"},"sceneLighting":true,"audioPlay":false,"sceneViewState":{"showFog":true,"showMaterialUpdate":false,"showSkybox":true,"showFlares":true,"showImageEffects":true,"showParticleSystems":true},"in2DMode":false,"pivot":{"x":24.846969604492189,"y":346.85260009765627,"z":-149.726806640625},"rotation":{"x":-0.539014458656311,"y":0.07006397098302841,"z":-0.045058783143758777,"w":-0.8381671905517578},"size":38.584468841552737,"orthographic":true}