{"cameraMode":{"drawMode":0,"name":"Shaded","section":"Shading Mode"},"sceneLighting":false,"audioPlay":false,"sceneViewState":{"showFog":true,"showMaterialUpdate":false,"showSkybox":false,"showFlares":true,"showImageEffects":true,"showParticleSystems":true},"in2DMode":false,"pivot":{"x":0.36202695965766909,"y":0.8233370184898377,"z":0.12169838696718216},"rotation":{"x":-0.05274795740842819,"y":0.6218369007110596,"z":-0.042036619037389758,"w":-0.7802367806434631},"size":2.729279041290283,"orthographic":true}